Number,Id,Place,Price Range,Types,Address,Postal Code,City,State,Country,Latitude,Longitude
Café Espresso,,"cafe, point_of_interest, food, store, establishment",2707 South Virginia Street 89502,89502,Reno,Nevada,United States
Barnes & Noble,2,"book_store, cafe, store, food, point_of_interest, establishment",5555 South Virginia Street 89502,89502,Reno,Nevada,United States
SIPS Coffee and Tea - Silver Legacy,,"cafe, food, store, point_of_interest, establishment",407 North Virginia Street 89501,89501,Reno,Nevada,United States
Westside Cafe and Coffee Company,2,"cafe, restaurant, food, point_of_interest, establishment",5150 Mae Anne Avenue 89523,89523,Reno,Nevada,United States
Auntie Anne's,1,"cafe, bakery, restaurant, food, point_of_interest, store, establishment",5000 Meadowood Mall Circle 89502,89502,Reno,Nevada,United States
Cafe De Thai,2,"cafe, restaurant, food, store, point_of_interest, establishment",760 South Virginia Street 89501,89501,Reno,Nevada,United States
Swill Coffee and Wine,1,"cafe, store, food, point_of_interest, establishment",3366 Lakeside Court 89509,89509,Reno,Nevada,United States
Hub Coffee Roasters,2,"cafe, food, store, point_of_interest, establishment",727 Riverside Drive 89503,89503,Reno,Nevada,United States
Archie's Giant Hamburgers & Breakfast,2,"restaurant, bar, cafe, food, store, point_of_interest, establishment",2195 North Virginia Street 89503,89503,Reno,Nevada,United States
Starbucks,2,"cafe, store, restaurant, food, point_of_interest, establishment",330 South Virginia Street 89501,89501,Reno,Nevada,United States
Starbucks,2,"cafe, restaurant, food, store, point_of_interest, establishment",2905 Northtowne Lane 89512,89512,Reno,Nevada,United States
House Of Bread,2,"bakery, cafe, restaurant, food, store, point_of_interest, establishment",1185 California Avenue 89509,89509,Reno,Nevada,United States
Starbucks,2,"cafe, store, restaurant, food, point_of_interest, establishment",Plumb Lane 89509,89509,Reno,Nevada,United States
Mimi's Cafe,2,"cafe, bakery, bar, store, restaurant, food, point_of_interest, establishment",5090 Kietzke Lane 89511,89511,Reno,Nevada,United States
Squeeze In,2,"cafe, restaurant, point_of_interest, food, store, establishment",10060 Donner Pass Road 96161,96161,Truckee,California,United States
Starbucks,2,"cafe, restaurant, point_of_interest, food, store, establishment",Firecreek Crossing 89509,89509,Reno,Nevada,United States
Starbucks,2,"cafe, store, restaurant, point_of_interest, food, establishment",1560 South Stanford Way 89431,89431,Sparks,Nevada,United States
Starbucks,2,"cafe, store, restaurant, food, point_of_interest, establishment",1410 East William Street 89701,89701,Carson City,Nevada,United States
Nam Van Noodle Café,1,"cafe, store, restaurant, point_of_interest, food, establishment",113 Los Altos Parkway 89436,89436,Sparks,Nevada,United States
Starbucks,2,"cafe, store, restaurant, point_of_interest, food, establishment",12 Pine Cone Road 89403,89403,Dayton,Nevada,United States
Sparks Coffee Shop,2,"cafe, store, restaurant, food, point_of_interest, establishment",2252 Oddie Boulevard 89431,89431,Sparks,Nevada,United States
Kashmir American Enterprises,,"jewelry_store, cafe, clothing_store, home_goods_store, health, food, store, point_of_interest, establishment",160 South C Street 89440,89440,Virginia City,Nevada,United States
Sierra Nevada Chocolate,,"cafe, store, food, point_of_interest, establishment",1290 South Virginia Street 89502,89502,Reno,Nevada,United States
DC Cafe,,"cafe, food, point_of_interest, establishment",13101 South Virginia Street 89511,89511,Reno,Nevada,United States
Old World Coffee Lab - Midtown,1,"cafe, point_of_interest, food, store, establishment",104 California Avenue 89509,89509,Reno,Nevada,United States
Circle K,1,"convenience_store, atm, cafe, point_of_interest, food, finance, store, establishment",790 Tahoe Boulevard 89451,89451,Incline Village,Nevada,United States
Café Milano,2,"cafe, restaurant, food, point_of_interest, establishment",2707 South Virginia Street 89502,89502,Reno,Nevada,United States
Kolika Coffee,,"cafe, food, point_of_interest, establishment",1855 East Peckham Lane 89502,89502,Reno,Nevada,United States
Starbucks,2,"cafe, store, food, point_of_interest, establishment",407 North Virginia Street 89501,89501,Reno,Nevada,United States
Cafe Central,2,"cafe, restaurant, food, point_of_interest, establishment",407 North Virginia Street 89501,89501,Reno,Nevada,United States
SIPS Coffee and Tea - Circus Circus,,"cafe, food, store, point_of_interest, establishment",500 North Sierra Street 89503,89503,Reno,Nevada,United States
Starbucks,2,"cafe, store, food, point_of_interest, establishment",345 North Virginia Street 89501,89501,Reno,Nevada,United States
Joe's Good Java,,"atm, cafe, finance, store, food, point_of_interest, establishment",1 East 1st Street 89501,89501,Reno,Nevada,United States
Crafted Palette,1,"cafe, food, point_of_interest, establishment",130 West Street 89501,89501,Reno,Nevada,United States
Jack's Coffee Shop #2,2,"cafe, store, restaurant, food, point_of_interest, establishment",605 North Wells Avenue 89512,89512,Reno,Nevada,United States
Too Soul Tea Co.,1,"cafe, meal_takeaway, restaurant, food, store, point_of_interest, establishment",542 1/2 Plumas Street 89509,89509,Reno,Nevada,United States
Moon Rabbit Cafe,,"cafe, point_of_interest, food, establishment",225 West Taylor Street 89509,89509,Reno,Nevada,United States
Walden's Coffeehouse,2,"cafe, restaurant, food, store, point_of_interest, establishment",1170 South Wells Avenue 89519,89519,Reno,Nevada,United States
Coffeebar,2,"cafe, bakery, meal_takeaway, restaurant, food, store, point_of_interest, establishment",682 Mount Rose Street 89509,89509,Reno,Nevada,United States
Magpie Coffee Roasters,,"cafe, store, food, point_of_interest, establishment",1715 South Wells Avenue 89502,89502,Reno,Nevada,United States
McDonald's,1,"cafe, store, restaurant, point_of_interest, food, establishment",305 East Plumb Lane 89502,89502,Reno,Nevada,United States
2nd Street Café Express,,"cafe, food, point_of_interest, establishment",2500 East 2nd Street 89595,89595,Reno,Nevada,United States
Full Belly Deli-Mill Street,2,"cafe, restaurant, food, store, point_of_interest, establishment",3064 Mill Street 89502,89502,Reno,Nevada,United States
McDonald's,1,"cafe, store, restaurant, food, point_of_interest, establishment",2001 East Plumb Lane 89502,89502,Reno,Nevada,United States
McDonald's,1,"cafe, store, restaurant, point_of_interest, food, establishment",5000 South Virginia Street 89502,89502,Reno,Nevada,United States
Glory Cloud Coffee Roasters,,"cafe, food, store, point_of_interest, establishment",10 Greg Street 89431,89431,Sparks,Nevada,United States
Starbucks,2,"cafe, store, restaurant, food, point_of_interest, establishment",986 Ambassador Drive 89523,89523,Reno,Nevada,United States
The Human Bean,1,"cafe, restaurant, food, store, point_of_interest, establishment",3915 South McCarran Boulevard 89502,89502,Reno,Nevada,United States
Starbucks,2,"cafe, store, food, point_of_interest, establishment",6845 Sierra Center Parkway 89511,89511,Reno,Nevada,United States
Dutch Bros Coffee,1,"cafe, store, food, point_of_interest, establishment",7250 South Virginia Street 89511,89511,Reno,Nevada,United States
Dunkin',1,"cafe, bakery, meal_takeaway, restaurant, food, store, point_of_interest, establishment",435 Sparks Boulevard 89434,89434,Sparks,Nevada,United States
Keva Juice,1,"cafe, restaurant, food, store, point_of_interest, establishment",2838 Vista Boulevard 89434,89434,Sparks,Nevada,United States
Keva Juice,1,"cafe, store, restaurant, food, point_of_interest, establishment",748 South Meadows Parkway 89521,89521,Reno,Nevada,United States
Peet's Coffee & Tea,1,"cafe, store, point_of_interest, food, establishment",2100 Garson Road 89439,89439,Verdi,Nevada,United States
Starbucks,2,"cafe, restaurant, store, food, point_of_interest, establishment",2453 Wingfield Hills Road 89436,89436,Sparks,Nevada,United States
Outlaw Coffee Company,1,"cafe, store, food, point_of_interest, establishment",1155 Old highway 40 East 89439,89439,Verdi,Nevada,United States
McDonald's,1,"cafe, restaurant, point_of_interest, food, store, establishment",9725 Pyramid Way 89441,89441,Spanish Springs,Nevada,United States
Sierra Cafe,1,"cafe, food, point_of_interest, establishment",350 Winter Park Ct 89511,89511,Reno,Nevada,United States
The Roasting House,2,"cafe, point_of_interest, food, establishment",55 N C Street 89440,89440,Virginia City,Nevada,United States
Sushi Boba Pho Cafe Hong Kong Diner,2,"cafe, restaurant, food, point_of_interest, establishment",180 West Peckham Lane 89509,89509,Reno,Nevada,United States
Place,Price Range,Types,Address,Postal Code,City,State,Country
Mercury Cafe,2,"cafe, store, restaurant, food, point_of_interest, establishment",2199 California Street 80205,80205,Denver,Colorado,United States
Tattered Cover Book Store & Café Colfax,,"book_store, cafe, store, point_of_interest, food, establishment",2526 East Colfax Avenue 80206,80206,Denver,Colorado,United States
City O' City,2,"cafe, bakery, bar, restaurant, food, point_of_interest, store, establishment",206 East 13th Avenue 80203,80203,Denver,Colorado,United States
Green Tea HP (Colorado Mills Mall),,"shopping_mall, cafe, store, food, health, point_of_interest, establishment",14500 West Colfax Avenue 80401,80401,Lakewood,Colorado,United States
Dazbog Coffee,1,"cafe, food, point_of_interest, store, establishment",7801 East Orchard Road 80111,80111,Greenwood Village,Colorado,United States
Barnes & Noble,2,"book_store, cafe, food, point_of_interest, store, establishment",14347 West Colfax Avenue 80401,80401,Lakewood,Colorado,United States
Pablo's Coffee - 6th Avenue,1,"cafe, store, food, point_of_interest, establishment",630 East 6th Avenue 80203,80203,Denver,Colorado,United States
Lucile's Creole Café,2,"restaurant, cafe, bar, food, point_of_interest, store, establishment",275 South Logan Street 80209,80209,Denver,Colorado,United States
Stella's Coffee Haus,1,"cafe, store, food, point_of_interest, establishment",1476 South Pearl Street 80210,80210,Denver,Colorado,United States
Arapahoe Community College Bookstore & Espresso Yourself Café,,"book_store, convenience_store, cafe, food, point_of_interest, store, establishment",5900 South Santa Fe Drive 80120,80120,Littleton,Colorado,United States
Dazbog Coffee,1,"cafe, food, point_of_interest, store, establishment",1635 Aurora Court 80045,80045,Aurora,Colorado,United States
Barnes & Noble,2,"book_store, cafe, food, point_of_interest, store, establishment",170 South Abilene Street 80012,80012,Aurora,Colorado,United States
Green Tea HP (Park Meadows Mall),,"cafe, store, food, health, point_of_interest, establishment",8401 Park Meadows Center Drive 80124,80124,Lone Tree,Colorado,United States
D Bar Denver,2,"cafe, bakery, bar, store, restaurant, food, point_of_interest, establishment",494 East 19th Avenue 80203,80203,Denver,Colorado,United States
Barnes & Noble,2,"book_store, cafe, store, food, point_of_interest, establishment",701 East 120th Avenue 80233,80233,Thornton,Colorado,United States
Neptune Mountaineering,,"cafe, clothing_store, food, point_of_interest, store, establishment",633 South Broadway 80305,80305,Boulder,Colorado,United States
Crema Coffee House,1,"bakery, store, cafe, restaurant, food, point_of_interest, establishment",2862 Larimer Street 80205,80205,Denver,Colorado,United States
The Boulder Dushanbe Teahouse,2,"cafe, restaurant, point_of_interest, food, establishment",1770 13th Street 80302,80302,Boulder,Colorado,United States
St Mark's Coffee House,1,"cafe, food, point_of_interest, establishment",2019 East 17th Avenue 80206,80206,Denver,Colorado,United States
Starbucks,2,"cafe, restaurant, food, point_of_interest, store, establishment",8000 East Belleview Avenue 80111,80111,Greenwood Village,Colorado,United States
Panera Bread,2,"cafe, meal_takeaway, bakery, store, restaurant, point_of_interest, food, establishment",10435 Reed Street 80021,80021,Westminster,Colorado,United States
Wash Perk,1,"cafe, store, food, point_of_interest, establishment",853 East Ohio Avenue 80209,80209,Denver,Colorado,United States
The Delectable Egg,2,"cafe, restaurant, food, point_of_interest, store, establishment",1625 Court Place 80202,80202,Denver,Colorado,United States
The Bardo Coffee House,1,"cafe, store, restaurant, food, point_of_interest, establishment",238 South Broadway 80209,80209,Denver,Colorado,United States
"PARISI pizzeria, trattoria e vino",2,"grocery_or_supermarket, meal_takeaway, bar, store, cafe, restaurant, food, point_of_interest, establishment",4401 Tennyson Street 80212,80212,Denver,Colorado,United States
EDGE Restaurant & Bar,3,"cafe, night_club, bar, restaurant, food, point_of_interest, store, establishment",1111 14th Street 80202,80202,Denver,Colorado,United States
Barnes & Noble,2,"book_store, cafe, food, point_of_interest, store, establishment",6300 South Main Street 80016,80016,Aurora,Colorado,United States
Etai's Bakery Cafe,2,"cafe, bakery, store, restaurant, food, point_of_interest, establishment",101 East 70th Avenue 80221,80221,Denver,Colorado,United States
Starbucks,2,"cafe, store, food, point_of_interest, establishment",17171 South Golden Road 80401,80401,Golden,Colorado,United States
Jerusalem Restaurant,1,"cafe, restaurant, food, point_of_interest, establishment",1890 East Evans Avenue 80210,80210,Denver,Colorado,United States
Hooked on Colfax,1,"cafe, food, point_of_interest, store, establishment",3213 East Colfax Avenue 80206,80206,Denver,Colorado,United States
Bleu Sage Catering & Cafe,1,"cafe, point_of_interest, food, establishment",1500 East 128th Avenue 80241,80241,Thornton,Colorado,United States
The Huckleberry,2,"restaurant, cafe, bakery, food, point_of_interest, store, establishment",700 Main Street 80027,80027,Louisville,Colorado,United States
Dazbog Coffee,1,"cafe, store, food, point_of_interest, establishment",9100 Pena Boulevard 80249,80249,Denver,Colorado,United States
Fluid Coffee Bar,1,"cafe, store, food, point_of_interest, establishment",501 East 19th Avenue 80203,80203,Denver,Colorado,United States
Starbucks,2,"store, cafe, restaurant, food, point_of_interest, establishment",9222 Park Meadows Drive 80124,80124,Lone Tree,Colorado,United States
Barnes & Noble,2,"book_store, cafe, store, food, point_of_interest, establishment",8136 West Bowles Avenue 80123,80123,Littleton,Colorado,United States
Panera Bread,2,"cafe, meal_takeaway, bakery, store, restaurant, point_of_interest, food, establishment",13100 East Colfax Avenue 80011,80011,Aurora,Colorado,United States
Cafe Terracotta,2,"restaurant, cafe, bar, food, point_of_interest, establishment",5649 South Curtice Street 80120,80120,Littleton,Colorado,United States
Einstein Bros. Bagels,1,"bakery, store, cafe, restaurant, food, point_of_interest, establishment",5545 Wadsworth Bypass 80002,80002,Arvada,Colorado,United States
Cake Crumbs Bakery & Cafe,2,"bakery, cafe, restaurant, food, point_of_interest, store, establishment",2216 Kearney Street 80207,80207,Denver,Colorado,United States
Trattoria Stella,2,"cafe, store, restaurant, point_of_interest, food, establishment",3470 West 32nd Avenue 80211,80211,Denver,Colorado,United States
Kaladi Coffee Roasters,1,"cafe, food, point_of_interest, store, establishment",1730 East Evans Avenue 80210,80210,Denver,Colorado,United States
Enchanted Grounds,1,"book_store, cafe, store, food, point_of_interest, establishment",8800 South Colorado Boulevard 80126,80126,Highlands Ranch,Colorado,United States
Little Owl Coffee,2,"cafe, store, food, point_of_interest, establishment",1555 Blake Street 80202,80202,Denver,Colorado,United States
Barnes & Noble,2,"book_store, cafe, store, point_of_interest, food, establishment",2999 Pearl Street 80301,80301,Boulder,Colorado,United States
Starbucks,2,"cafe, food, point_of_interest, store, establishment",1701 California Street 80202,80202,Denver,Colorado,United States
LaMar's Donuts and Coffee,1,"bakery, store, cafe, restaurant, food, point_of_interest, establishment",9940 Wadsworth Parkway 80021,80021,Westminster,Colorado,United States
OZO Coffee | Arapahoe,2,"cafe, food, point_of_interest, store, establishment",5340 Arapahoe Avenue 80303,80303,Boulder,Colorado,United States
Starbucks,2,"cafe, store, restaurant, point_of_interest, food, establishment",3470 Park Avenue West 80216,80216,Denver,Colorado,United States
Starbucks,2,"cafe, store, restaurant, food, point_of_interest, establishment",6395 East Hampden Avenue 80222,80222,Denver,Colorado,United States
Fire Bowl Cafe,1,"cafe, meal_takeaway, restaurant, food, point_of_interest, establishment",11435 East Briarwood Avenue 80112,80112,Englewood,Colorado,United States
303 Coffee Company,1,"cafe, store, food, point_of_interest, establishment",8283 South Akron Street 80112,80112,Centennial,Colorado,United States
Einstein Bros. Bagels,1,"cafe, restaurant, bakery, food, point_of_interest, store, establishment",16495 East 40th Circle 80011,80011,Aurora,Colorado,United States
Starbucks,2,"cafe, store, restaurant, point_of_interest, food, establishment",1416 South Platte River Trail 80202,80202,Denver,Colorado,United States
Starbucks,2,"cafe, restaurant, food, point_of_interest, store, establishment",8745 East Orchard Road 80111,80111,Greenwood Village,Colorado,United States
Panera Bread,2,"cafe, meal_takeaway, bakery, restaurant, food, point_of_interest, store, establishment",4955 South Ulster Street 80237,80237,Denver,Colorado,United States
Walnut Cafe,1,"cafe, restaurant, food, point_of_interest, store, establishment",3073 Walnut Street 80301,80301,Boulder,Colorado,United States
Starbucks,2,"cafe, store, restaurant, point_of_interest, food, establishment",7999 East Arapahoe Road 80111,80111,Greenwood Village,Colorado,United States
Einstein Bros. Bagels,1,"cafe, bakery, store, restaurant, point_of_interest, food, establishment",9392 Sheridan Boulevard 80031,80031,Westminster,Colorado,United States
Place,Price Range,Types,Address,Postal Code,City,State,Country
Hotel Shattuck Plaza,,"cafe, bar, lodging, night_club, restaurant, food, point_of_interest, establishment",2086 Allston Way 94704,94704,Berkeley,California,United States
Zuni Café,3,"cafe, bar, restaurant, food, point_of_interest, establishment",1658 Market Street 94102,94102,San Francisco,California,United States
Chez Panisse,4,"cafe, restaurant, point_of_interest, food, establishment",1517 Shattuck Avenue 94709,94709,Berkeley,California,United States
DNA Lounge,2,"night_club, cafe, bar, restaurant, point_of_interest, food, establishment",375 11th Street 94103,94103,San Francisco,California,United States
Ritual Coffee Roasters,2,"cafe, food, store, point_of_interest, establishment",1026 Valencia Street 94110,94110,San Francisco,California,United States
Sightglass Coffee,2,"cafe, store, food, point_of_interest, establishment",270 7th Street 94103,94103,San Francisco,California,United States
Oakland Museum of California,,"museum, cafe, park, food, point_of_interest, establishment",1000 Oak Street 94607,94607,Oakland,California,United States
edmonds cafe,1,"cafe, point_of_interest, food, establishment",2299 Piedmont Avenue 94720,94720,Berkeley,California,United States
Four Barrel Coffee,2,"cafe, point_of_interest, food, store, establishment",375 Valencia Street 94103,94103,San Francisco,California,United States
El Rio,1,"bar, cafe, food, point_of_interest, establishment",3158 Mission Street 94110,94110,San Francisco,California,United States
Ocean View Inn,,"cafe, lodging, point_of_interest, food, establishment",8425 Cabrillo Highway 94037,94037,Montara,California,United States
Awaken Cafe & Roasting,2,"art_gallery, cafe, bar, store, restaurant, food, point_of_interest, establishment",1429 Broadway 94612,94612,Oakland,California,United States
Tully's Coffee,,"cafe, store, food, point_of_interest, establishment",425 Market Street 94105,94105,San Francisco,California,United States
Imperial Tea Court,1,"cafe, restaurant, food, point_of_interest, store, establishment",1 Ferry Plaza 94111,94111,San Francisco,California,United States
Blue Bottle Coffee,2,"cafe, store, food, point_of_interest, establishment",315 Linden Street 94102,94102,San Francisco,California,United States
Sweet Maple,2,"cafe, restaurant, food, point_of_interest, establishment",2101 Sutter Street 94115,94115,San Francisco,California,United States
The Mill,2,"cafe, bakery, store, food, point_of_interest, establishment",736 Divisadero Street 94117,94117,San Francisco,California,United States
Warming Hut Park Store,1,"cafe, store, food, point_of_interest, establishment",983 Marine Drive 94129,94129,San Francisco,California,United States
Barnes & Noble,2,"book_store, cafe, point_of_interest, food, store, establishment",6050 El Cerrito Plaza 94530,94530,El Cerrito,California,United States
Rudy's Can't Fail Cafe,2,"cafe, restaurant, food, point_of_interest, establishment",4081 Hollis Street 94608,94608,Emeryville,California,United States
Poggio Trattoria,3,"bar, cafe, restaurant, food, store, point_of_interest, establishment",777 Bridgeway 94965,94965,Sausalito,California,United States
La Note,2,"cafe, restaurant, point_of_interest, food, establishment",2377 Shattuck Avenue 94704,94704,Berkeley,California,United States
Mason O'Farrell Garage,,"florist, cafe, car_rental, parking, jewelry_store, restaurant, point_of_interest, food, store, establishment",325 Mason Street 94102,94102,San Francisco,California,United States
"La Boulangerie de San Francisco, Noe Valley",1,"bakery, cafe, restaurant, food, point_of_interest, store, establishment",3898 24th Street 94114,94114,San Francisco,California,United States
Balboa Cafe,2,"bar, cafe, restaurant, food, point_of_interest, establishment",3199 Fillmore Street 94123,94123,San Francisco,California,United States
Lake Chabot Golf Course,,"bar, cafe, health, food, store, point_of_interest, establishment",11450 Golf Links Road 94605,94605,Oakland,California,United States
Philz Coffee,2,"cafe, point_of_interest, food, store, establishment",201 Berry Street 94158,94158,San Francisco,California,United States
Cafe Leila,2,"cafe, park, restaurant, food, point_of_interest, establishment",1724 San Pablo Avenue 94702,94702,Berkeley,California,United States
Dynamo Donut & Coffee,2,"cafe, bakery, store, food, point_of_interest, establishment",2760 24th Street 94110,94110,San Francisco,California,United States
Perry's on Union,3,"cafe, bar, restaurant, food, point_of_interest, establishment",1944 Union Street 94123,94123,San Francisco,California,United States
Starbucks,2,"cafe, store, restaurant, food, point_of_interest, establishment",462 Powell Street 94102,94102,San Francisco,California,United States
NOOK,2,"cafe, point_of_interest, food, establishment",1500 Hyde Street 94109,94109,San Francisco,California,United States
Coupa Cafe - Ramona,2,"cafe, store, restaurant, food, point_of_interest, establishment",538 Ramona Street 94301,94301,Palo Alto,California,United States
Union Street Coffee Roastery,2,"cafe, store, restaurant, food, point_of_interest, establishment",2191 Union Street 94123,94123,San Francisco,California,United States
Jane on Fillmore,2,"cafe, restaurant, food, store, point_of_interest, establishment",2123 Fillmore Street 94115,94115,San Francisco,California,United States
The Grove - Yerba Buena,2,"cafe, meal_takeaway, store, restaurant, point_of_interest, food, establishment",690 Mission Street 94105,94105,San Francisco,California,United States
Philz Coffee,2,"cafe, store, food, point_of_interest, establishment",549 Castro Street 94114,94114,San Francisco,California,United States
Lovejoy's Tea Room,2,"cafe, restaurant, food, point_of_interest, establishment",1351 Church Street 94114,94114,San Francisco,California,United States
Krispy Kreme,1,"cafe, bakery, restaurant, point_of_interest, food, store, establishment",1575 Sullivan Avenue 94015,94015,Daly City,California,United States
Philz Coffee,2,"cafe, store, point_of_interest, food, establishment",399 Golden Gate Avenue 94102,94102,San Francisco,California,United States
Starbucks,2,"cafe, restaurant, point_of_interest, food, store, establishment",1390 Market Street 94102,94102,San Francisco,California,United States
Peet's Coffee,1,"cafe, restaurant, food, store, point_of_interest, establishment",5959 Shellmound Street 94608,94608,Emeryville,California,United States
Purple Kow,1,"cafe, store, food, point_of_interest, establishment",3620 Balboa Street 94121,94121,San Francisco,California,United States
Peet's Coffee,1,"cafe, restaurant, point_of_interest, food, store, establishment",5800 Nave Drive 94949,94949,Novato,California,United States
Starbucks,2,"cafe, store, restaurant, food, point_of_interest, establishment",442 Geary Street 94102,94102,San Francisco,California,United States
Krispy Kreme,1,"cafe, bakery, store, restaurant, food, point_of_interest, establishment",32450 Dyer Street 94587,94587,Union City,California,United States
Farley's Coffeehouse,1,"cafe, food, point_of_interest, store, establishment",1315 18th Street 94107,94107,San Francisco,California,United States
Java Beach Cafe,2,"cafe, food, point_of_interest, establishment",1396 La Playa Street 94122,94122,San Francisco,California,United States
La Boulangerie de San Francisco,2,"cafe, bakery, store, restaurant, food, point_of_interest, establishment",500 Hayes Street 94102,94102,San Francisco,California,United States
Rick & Ann's Restaurant,2,"cafe, restaurant, food, point_of_interest, establishment",2922 Domingo Avenue 94705,94705,Berkeley,California,United States
Farley's East,1,"cafe, point_of_interest, food, store, establishment",33 Grand Avenue 94612,94612,Oakland,California,United States
Starbucks,2,"cafe, restaurant, point_of_interest, food, store, establishment",2727 Mariposa Street 94110,94110,San Francisco,California,United States
The Law Café,,"cafe, bakery, restaurant, food, store, point_of_interest, establishment",200 McAllister Street 94102,94102,San Francisco,California,United States
Peet's Coffee,1,"cafe, restaurant, food, point_of_interest, store, establishment",3258 Lakeshore Avenue 94610,94610,Oakland,California,United States
Cafe Milano,1,"cafe, food, point_of_interest, establishment",2522 Bancroft Way 94704,94704,Berkeley,California,United States
Cafe Madeleine,1,"cafe, bakery, store, restaurant, food, point_of_interest, establishment",149 New Montgomery Street 94105,94105,San Francisco,California,United States
Yali's Café,1,"cafe, store, restaurant, point_of_interest, food, establishment",1920 Oxford Street 94704,94704,Berkeley,California,United States
McDonald's,1,"cafe, restaurant, food, store, point_of_interest, establishment",1100 Fillmore Street 94102,94102,San Francisco,California,United States
Duboce Park Cafe,2,"cafe, restaurant, store, food, point_of_interest, establishment",2 Sanchez Street 94114,94114,San Francisco,California,United States
Atlas Cafe,1,"cafe, bar, restaurant, food, store, point_of_interest, establishment",3049 20th Street 94110,94110,San Francisco,California,United States
Place,Price Range,Types,Address,Postal Code,City,State,Country
Purple Cafe and Wine Bar,3,"bar, cafe, restaurant, food, point_of_interest, establishment",1225 4th Avenue 98101,98101,Seattle,Washington,United States
Portage Bay Cafe - South Lake Union,2,"cafe, restaurant, food, point_of_interest, establishment",391 Terry Avenue North 98109,98109,Seattle,Washington,United States
Starbucks,2,"cafe, restaurant, food, store, point_of_interest, establishment",1912 Pike Place 98101,98101,Seattle,Washington,United States
Portage Bay Cafe - Roosevelt,2,"cafe, restaurant, food, point_of_interest, establishment",4130 Roosevelt Way Northeast 98105,98105,Seattle,Washington,United States
Barnes & Noble,2,"book_store, cafe, point_of_interest, food, store, establishment",19401 Alderwood Mall Parkway 98036,98036,Lynnwood,Washington,United States
Oddfellows Café + Bar,2,"restaurant, bar, cafe, food, point_of_interest, establishment",1525 10th Avenue 98122,98122,Seattle,Washington,United States
Top Pot Doughnuts,1,"cafe, bakery, store, restaurant, point_of_interest, food, establishment",2124 5th Avenue 98121,98121,Seattle,Washington,United States
Beth's Cafe,1,"cafe, meal_takeaway, restaurant, food, point_of_interest, establishment",7311 Aurora Avenue North 98103,98103,Seattle,Washington,United States
Mox Boarding House,,"cafe, bar, restaurant, point_of_interest, food, store, establishment",5105 Leary Avenue Northwest 98107,98107,Seattle,Washington,United States
Swansons Nursery,2,"cafe, clothing_store, food, store, point_of_interest, establishment",9701 15th Avenue Northwest 98117,98117,Seattle,Washington,United States
Cafe Allegro,1,"cafe, store, food, point_of_interest, establishment",4214 University Way Northeast 98105,98105,Seattle,Washington,United States
Cupcake Royale,2,"cafe, bakery, food, point_of_interest, store, establishment",1101 34th Avenue 98122,98122,Seattle,Washington,United States
Zig Zag Cafe,2,"cafe, bar, food, point_of_interest, establishment",1501 Western Avenue 98101,98101,Seattle,Washington,United States
The Crumpet Shop,1,"cafe, bakery, store, restaurant, food, point_of_interest, establishment",1503 1st Avenue 98101,98101,Seattle,Washington,United States
Barnes & Noble,2,"book_store, cafe, store, food, point_of_interest, establishment",31325 Pacific Highway South 98003,98003,Federal Way,Washington,United States
Metropolitan Market Queen Anne (Uptown),3,"grocery_or_supermarket, liquor_store, cafe, bakery, furniture_store, home_goods_store, store, food, point_of_interest, establishment",100 Mercer Street 98109,98109,Seattle,Washington,United States
Bakery Nouveau,2,"bakery, cafe, store, food, point_of_interest, establishment",4737 California Avenue Southwest 98116,98116,Seattle,Washington,United States
Caffé Vita,1,"cafe, store, food, point_of_interest, establishment",1005 East Pike Street 98122,98122,Seattle,Washington,United States
Metropolitan Market Kirkland,3,"grocery_or_supermarket, cafe, liquor_store, bakery, furniture_store, home_goods_store, food, store, point_of_interest, establishment",10611 Northeast 68th Street 98033,98033,Kirkland,Washington,United States
Zoka Coffee Roaster & Tea Company,2,"cafe, store, food, point_of_interest, establishment",2200 North 56th Street 98103,98103,Seattle,Washington,United States
Metropolitan Market Sand Point,3,"grocery_or_supermarket, liquor_store, cafe, bakery, furniture_store, home_goods_store, store, food, point_of_interest, establishment",5250 40th Avenue Northeast 98105,98105,Seattle,Washington,United States
Tutta Bella Neapolitan Pizzeria - Columbia City,2,"bar, cafe, restaurant, food, store, point_of_interest, establishment",4918 Rainier Avenue South 98118,98118,Seattle,Washington,United States
Krispy Kreme,1,"cafe, bakery, restaurant, food, store, point_of_interest, establishment",1900 1st Avenue South 98134,98134,Seattle,Washington,United States
FareStart,2,"cafe, restaurant, food, point_of_interest, establishment",700 Virginia Street 98101,98101,Seattle,Washington,United States
Pomegranate Bistro,2,"cafe, bakery, bar, store, restaurant, food, point_of_interest, establishment",18005 Northeast 68th Street 98052,98052,Redmond,Washington,United States
Cafe Solstice,1,"cafe, store, restaurant, food, point_of_interest, establishment",4116 University Way Northeast 98105,98105,Seattle,Washington,United States
Voula's Offshore Cafe,1,"restaurant, cafe, food, point_of_interest, establishment",658 Northeast Northlake Way 98105,98105,Seattle,Washington,United States
Central Co-op,,"supermarket, cafe, grocery_or_supermarket, food, point_of_interest, store, establishment",1600 East Madison Street 98122,98122,Seattle,Washington,United States
Elevated Sportz Trampoline Park & Event Center,,"tourist_attraction, cafe, amusement_park, food, point_of_interest, establishment",18311 Bothell Everett Highway 98012,98012,Bothell,Washington,United States
Mighty-O Donuts: Greenlake,1,"cafe, bakery, store, food, point_of_interest, establishment",2110 North 55th Street 98103,98103,Seattle,Washington,United States
McDonald's,1,"cafe, restaurant, store, food, point_of_interest, establishment",5146 25th Avenue Northeast 98105,98105,Seattle,Washington,United States
Broadfork Cafe - Uptown,2,"cafe, restaurant, food, store, point_of_interest, establishment",111 Queen Anne Avenue North 98109,98109,Seattle,Washington,United States
Cherry Street Coffee House,1,"cafe, bakery, restaurant, food, store, point_of_interest, establishment",700 1st Avenue 98104,98104,Seattle,Washington,United States
Maltby Cafe,2,"cafe, restaurant, food, point_of_interest, establishment",8809 Maltby Road 98296,98296,Snohomish,Washington,United States
Purple Cafe and Wine Bar,2,"cafe, bar, restaurant, food, point_of_interest, establishment",14459 Redmond - Woodinville Road Northeast 98072,98072,Woodinville,Washington,United States
Museum of Glass Cafe,,"cafe, restaurant, food, point_of_interest, establishment",1801 Dock Street 98402,98402,Tacoma,Washington,United States
Fonté Coffee - 1st Avenue,2,"cafe, store, restaurant, food, point_of_interest, establishment",1321 1st Avenue 98101,98101,Seattle,Washington,United States
Bacco Cafe,2,"cafe, restaurant, food, point_of_interest, establishment",86 Pine Street 98101,98101,Seattle,Washington,United States
Tutta Bella Neapolitan Pizzeria - South Lake Union,2,"bar, cafe, restaurant, food, store, point_of_interest, establishment",2200 Westlake Avenue 98121,98121,Seattle,Washington,United States
Starbucks,2,"cafe, restaurant, food, point_of_interest, store, establishment",12209 Northeast 85th Street 98033,98033,Kirkland,Washington,United States
Espresso Vivace Capitol Hill,1,"cafe, store, food, point_of_interest, establishment",532 Broadway East 98102,98102,Seattle,Washington,United States
Citizen Collective,2,"cafe, bar, restaurant, food, point_of_interest, establishment",706 Taylor Avenue North 98109,98109,Seattle,Washington,United States
Fremont Coffee Company,1,"cafe, food, store, point_of_interest, establishment",459 North 36th Street 98103,98103,Seattle,Washington,United States
Zeitgeist Coffee.,1,"cafe, food, point_of_interest, establishment",171 South Jackson Street 98104,98104,Seattle,Washington,United States
Krispy Kreme,1,"cafe, bakery, store, restaurant, food, point_of_interest, establishment",6210 East Lake Sammamish Parkway 98029,98029,Issaquah,Washington,United States
Metropolitan Market Tacoma,1,"grocery_or_supermarket, liquor_store, furniture_store, cafe, home_goods_store, bakery, food, store, point_of_interest, establishment",2420 North Proctor Street 98406,98406,Tacoma,Washington,United States
Starbucks,2,"cafe, store, restaurant, food, point_of_interest, establishment",800 12th Avenue 98122,98122,Seattle,Washington,United States
Top Pot Doughnuts,1,"cafe, bakery, food, point_of_interest, store, establishment",609 Summit Avenue East 98102,98102,Seattle,Washington,United States
Champions Centre,,"church, cafe, place_of_worship, point_of_interest, book_store, food, store, establishment",1819 East 72nd Street 98404,98404,Tacoma,Washington,United States
Easy Street Records & Cafe,2,"cafe, restaurant, food, point_of_interest, store, establishment",4559 California Avenue Southwest 98116,98116,Seattle,Washington,United States
Hangar Cafe,2,"cafe, store, restaurant, point_of_interest, food, establishment",6261 13th Avenue South 98108,98108,Seattle,Washington,United States
Starbucks,2,"cafe, food, store, point_of_interest, establishment",11010 Northeast 8th Street 98004,98004,Bellevue,Washington,United States
Barnes & Noble,2,"book_store, cafe, food, store, point_of_interest, establishment",401 Northeast Northgate Way 98125,98125,Seattle,Washington,United States
Tacoma Art Museum,,"art_gallery, cafe, tourist_attraction, museum, store, food, point_of_interest, establishment",1701 Pacific Avenue 98402,98402,Tacoma,Washington,United States
Metropolitan Market West Seattle (Admiral),3,"grocery_or_supermarket, liquor_store, cafe, bakery, furniture_store, food, point_of_interest, home_goods_store, store, establishment",2320 42nd Avenue Southwest 98116,98116,Seattle,Washington,United States
Alexa's Cafe & Catering,2,"cafe, restaurant, food, point_of_interest, establishment",10115 Main Street 98011,98011,Bothell,Washington,United States
Crumble & Flake Pâtisserie,2,"bakery, cafe, store, restaurant, food, point_of_interest, establishment",1500 East Olive Way 98122,98122,Seattle,Washington,United States
Boiling Point,2,"cafe, restaurant, food, point_of_interest, establishment",1075 Bellevue Way Northeast 98004,98004,Bellevue,Washington,United States
Macrina Bakery & Cafe,2,"bakery, cafe, restaurant, store, food, point_of_interest, establishment",1943 1st Avenue South 98134,98134,Seattle,Washington,United States
Starbucks,2,"cafe, restaurant, food, store, point_of_interest, establishment",4147 University Way Northeast 98105,98105,Seattle,Washington,United States
Hong Kong Restaurant,2,"meal_takeaway, meal_delivery, bar, restaurant, food, point_of_interest, establishment",8843 Pacific Avenue 98444,98444,Tacoma,Washington,United States
Great China Restaurant,1,"meal_takeaway, restaurant, food, point_of_interest, establishment",13501 100th Avenue Northeast 98034,98034,Kirkland,Washington,United States
China City,2,"restaurant, food, point_of_interest, establishment",15402 Main Street 98012,98012,Mill Creek,Washington,United States
Golden House Chinese Cuisine,1,"restaurant, point_of_interest, food, establishment",12030 Mukilteo Speedway 98275,98275,Mukilteo,Washington,United States
China Cafe,2,"restaurant, food, point_of_interest, establishment",6812 196th Street Southwest 98036,98036,Lynnwood,Washington,United States
Hong Kong Restaurant,2,"meal_delivery, bar, meal_takeaway, restaurant, food, point_of_interest, establishment",8843 Pacific Avenue 98444,98444,Tacoma,Washington,United States
Great China Restaurant,1,"meal_takeaway, restaurant, food, point_of_interest, establishment",13501 100th Avenue Northeast 98034,98034,Kirkland,Washington,United States
China City,2,"restaurant, food, point_of_interest, establishment",15402 Main Street 98012,98012,Mill Creek,Washington,United States
Golden House Chinese Cuisine,1,"restaurant, food, point_of_interest, establishment",12030 Mukilteo Speedway 98275,98275,Mukilteo,Washington,United States
China Cafe,2,"restaurant, food, point_of_interest, establishment",6812 196th Street Southwest 98036,98036,Lynnwood,Washington,United States
Uptown China Restaurant,2,"meal_delivery, bar, meal_takeaway, night_club, restaurant, point_of_interest, food, establishment",200 Queen Anne Avenue North 98109,98109,Seattle,Washington,United States
Lucky House,2,"restaurant, food, point_of_interest, establishment",317 East Smith Street 98030,98030,Kent,Washington,United States
China Garden Restaurant,1,"restaurant, food, point_of_interest, establishment",800 164th Street Southeast 98012,98012,Mill Creek,Washington,United States
Best Wok Restaurant,2,"restaurant, food, point_of_interest, establishment",19 148th Avenue Northeast 98007,98007,Bellevue,Washington,United States
China House,2,"restaurant, point_of_interest, food, establishment",620 Auburn Way South 98002,98002,Auburn,Washington,United States
Yen Ching Restaurant,2,"night_club, bar, restaurant, food, point_of_interest, establishment",8765 South Tacoma Way 98499,98499,Lakewood,Washington,United States
Jade Garden Chinese Restaurant & Lounge,1,"restaurant, food, point_of_interest, establishment",3133 Broadway 98201,98201,Everett,Washington,United States
Szechuan First,1,"restaurant, food, point_of_interest, establishment",18124 East Valley Highway 98032,98032,Kent,Washington,United States
Lucky Dragon Restaurant,2,"restaurant, food, point_of_interest, establishment",25 95th Drive Northeast 98258,98258,Lake Stevens,Washington,United States
New China,1,"restaurant, food, point_of_interest, establishment",3414 132nd Street Southeast 98012,98012,Mill Creek,Washington,United States
Lucky Star Chinese Restaurant,2,"restaurant, food, point_of_interest, establishment",12958 Southeast Kent-Kangley Road 98030,98030,Kent,Washington,United States
Tai Tung Restaurant,1,"restaurant, food, point_of_interest, establishment",655 South King Street 98104,98104,Seattle,Washington,United States
Ballard Mandarin,1,"meal_takeaway, restaurant, food, point_of_interest, establishment",5500 8th Avenue Northwest 98107,98107,Seattle,Washington,United States
Royal Kitchen Chinese Restaurant,2,"restaurant, food, point_of_interest, establishment",13200 Northeast 20th Street 98005,98005,Bellevue,Washington,United States
Happy Garden Chinese Restaurant,1,"restaurant, point_of_interest, food, establishment",14301 Ambaum Boulevard Southwest 98166,98166,Burien,Washington,United States
Main Garden,2,"restaurant, food, point_of_interest, establishment",24437 Russell Road 98032,98032,Kent,Washington,United States
Din Tai Fung,2,"bar, restaurant, food, point_of_interest, establishment",600 Pine Street 98101,98101,Seattle,Washington,United States
Imperial Wok,2,"restaurant, food, point_of_interest, establishment",22833 Bothell Everett Highway 98021,98021,Bothell,Washington,United States
Frying Fish,2,"restaurant, food, point_of_interest, establishment",1915 140th Avenue Northeast 98005,98005,Bellevue,Washington,United States
Yea's Wok,2,"restaurant, point_of_interest, food, establishment",6969 Coal Creek Parkway Southeast 98059,98059,Newcastle,Washington,United States
Tian Fu Seattle,2,"restaurant, food, point_of_interest, establishment",300 Northeast Northgate Way 98125,98125,Seattle,Washington,United States
Shanghai Garden,2,"restaurant, food, point_of_interest, establishment",524 6th Avenue South 98104,98104,Seattle,Washington,United States
Pike Place Chinese Cuisine,2,"restaurant, point_of_interest, food, establishment",1533 Pike Place 98101,98101,Seattle,Washington,United States
Brother's Chinese Restaurant,2,"meal_delivery, restaurant, food, point_of_interest, establishment",16715 52nd Avenue West 98037,98037,Lynnwood,Washington,United States
King Noodle,1,"restaurant, food, point_of_interest, establishment",7815 Evergreen Way 98203,98203,Everett,Washington,United States
Chinnie's Kitchen & Bar,2,"meal_delivery, meal_takeaway, restaurant, food, point_of_interest, establishment",626 128th Street Southwest 98204,98204,Everett,Washington,United States
Asian Wok,1,"meal_takeaway, restaurant, food, point_of_interest, establishment",6815 196th Street Southwest 98036,98036,Lynnwood,Washington,United States
Peking House,2,"restaurant, food, point_of_interest, establishment",17505 15th Avenue Northeast 98155,98155,Shoreline,Washington,United States
Golden Phoenix Chinese Restaurant,2,"restaurant, food, point_of_interest, establishment",16915 Southeast 272nd Street 98042,98042,Covington,Washington,United States
Beijing Garden,1,"restaurant, point_of_interest, food, establishment",3719 Rucker Avenue 98201,98201,Everett,Washington,United States
Yummy Garden Restaurant (嘴香园）,2,"restaurant, food, point_of_interest, establishment",1306 Union Avenue Northeast 98059,98059,Renton,Washington,United States
Beijing Chinese Cuisine,2,"restaurant, point_of_interest, food, establishment",1008 Cedar Avenue 98270,98270,Marysville,Washington,United States
China Harbor Restaurant,2,"restaurant, food, point_of_interest, establishment",2040 Westlake Avenue North 98109,98109,Seattle,Washington,United States
Uncle ​Lee's,2,"restaurant, point_of_interest, food, establishment",5408 Sand Point Way Northeast 98105,98105,Seattle,Washington,United States
Wah Kue Cafe,2,"bar, restaurant, food, point_of_interest, establishment",13434 1st Avenue South 98168,98168,Burien,Washington,United States
Tian Fu Redmond,2,"restaurant, point_of_interest, food, establishment",8102 161st Avenue Northeast 98052,98052,Redmond,Washington,United States
Ming Garden,2,"restaurant, food, point_of_interest, establishment",11419 19th Avenue Southeast 98208,98208,Everett,Washington,United States
Chan's Place - Woodinville,2,"restaurant, point_of_interest, food, establishment",14203 Northeast Woodinville Duvall Road 98072,98072,Woodinville,Washington,United States
Tian Tian Noodles,2,"restaurant, food, point_of_interest, establishment",16421 Cleveland Street 98052,98052,Redmond,Washington,United States
Chopsticks Cuisine,2,"restaurant, point_of_interest, food, establishment",7347 35th Avenue Northeast 98115,98115,Seattle,Washington,United States
Circle Chinese Cuisine,2,"restaurant, food, point_of_interest, establishment",1734 Central Avenue South 98032,98032,Kent,Washington,United States
Johnny's Wok Restaurant,1,"restaurant, food, point_of_interest, establishment",19626 76th Avenue West 98036,98036,Lynnwood,Washington,United States
Taste of Xi'an,2,"meal_delivery, restaurant, point_of_interest, food, establishment",4523 University Way Northeast 98105,98105,Seattle,Washington,United States
Green Valley Hanapa’a Poke,,"restaurant, food, point_of_interest, establishment",21226 84th Avenue South 98032,98032,Kent,Washington,United States
August Moon Chinese Restaurant,2,"restaurant, food, point_of_interest, establishment",2904 228th Avenue Southeast 98075,98075,Sammamish,Washington,United States
New China Express,1,"meal_delivery, restaurant, point_of_interest, food, establishment",2809 Thorndyke Avenue West 98199,98199,Seattle,Washington,United States
Peony Kitchen Bellevue,2,"bar, restaurant, food, point_of_interest, establishment",10317 Main Street 98004,98004,Bellevue,Washington,United States
Mei Mei Cafe,1,"restaurant, point_of_interest, food, establishment",1004 Northeast 50th Street 98105,98105,Seattle,Washington,United States
Macky’s Dim Sum,2,"restaurant, point_of_interest, food, establishment",28 East Sunset Way 98027,98027,Issaquah,Washington,United States
Sichuan Cuisine,1,"restaurant, food, point_of_interest, establishment",2010 148th Avenue Northeast 98052,98052,Redmond,Washington,United States
ChiHo Bistro 滋味堂,2,"restaurant, food, point_of_interest, establishment",2330 2nd Avenue 98121,98121,Seattle,Washington,United States
Chef Liao Asian Fusion Cuisine,1,"restaurant, food, point_of_interest, establishment",6012 Phinney Avenue North 98103,98103,Seattle,Washington,United States
Noble Palace,2,"restaurant, food, point_of_interest, establishment",1212 State Avenue 98270,98270,Marysville,Washington,United States
Sunflower Garden,1,"restaurant, point_of_interest, food, establishment",10410 Greenwood Avenue North 98133,98133,Seattle,Washington,United States
Noodle House,2,"restaurant, food, point_of_interest, establishment",18126 East Valley Highway 98032,98032,Kent,Washington,United States
Yang Chow Restaurant,1,"meal_delivery, restaurant, food, point_of_interest, establishment",3211 Grand Avenue 94610,94610,Oakland,California,United States
China Stix,2,"restaurant, food, point_of_interest, establishment",2110 El Camino Real 95050,95050,Santa Clara,California,United States
Mission Chinese Food,2,"restaurant, food, point_of_interest, establishment",2234 Mission Street 94110,94110,San Francisco,California,United States
China Chen,1,"restaurant, food, point_of_interest, establishment",400 South Third Street 95112,95112,San Jose,California,United States
JX Cuisine,2,"restaurant, food, point_of_interest, establishment",3581 Homestead Road 95051,95051,Santa Clara,California,United States
Chef Chu's,2,"restaurant, food, point_of_interest, establishment",1067 North San Antonio Road 94022,94022,Los Altos,California,United States
Wen's Kitchen,2,"restaurant, point_of_interest, food, establishment",1150 Polk Street 94109,94109,San Francisco,California,United States
Jade China Restaurant,1,"restaurant, food, point_of_interest, establishment",2524 Berryessa Road 95132,95132,San Jose,California,United States
Chef Choy Chinese food,2,"restaurant, food, point_of_interest, establishment",548 Contra Costa Boulevard 94523,94523,Pleasant Hill,California,United States
China Live,2,"bar, restaurant, food, point_of_interest, establishment",644 Broadway 94133,94133,San Francisco,California,United States
Eastern Winds Chinese Restaurant,1,"meal_delivery, restaurant, food, point_of_interest, establishment",40723 Grimmer Boulevard 94538,94538,Fremont,California,United States
Shangrila Chinese Cuisine,,"restaurant, food, point_of_interest, establishment",6568 Village Parkway 94568,94568,Dublin,California,United States
King Kee,2,"restaurant, point_of_interest, food, establishment",101 Cyril Magnin Street 94102,94102,San Francisco,California,United States
China Palace Restaurant,1,"restaurant, food, point_of_interest, establishment",688 Barber Lane 95035,95035,Milpitas,California,United States
Golden China Restaurant,1,"restaurant, food, point_of_interest, establishment",1612 Ocean Avenue 94112,94112,San Francisco,California,United States
Hong Kong Restaurant,1,"restaurant, food, point_of_interest, establishment",3691 El Camino Real 94306,94306,Palo Alto,California,United States
China Rose,1,"meal_delivery, restaurant, food, point_of_interest, establishment",387 Jacklin Road 95035,95035,Milpitas,California,United States
Tong Soon Garden,2,"restaurant, food, point_of_interest, establishment",3240 El Camino Real 95051,95051,Santa Clara,California,United States
Z & Y Restaurant,2,"meal_delivery, meal_takeaway, restaurant, food, point_of_interest, establishment",655 Jackson Street 94133,94133,San Francisco,California,United States
Famous Food Chinese Restaurant,1,"restaurant, point_of_interest, food, establishment",872 Old San Francisco Road 94086,94086,Sunnyvale,California,United States
Hot Wok Bistro,1,"restaurant, food, point_of_interest, establishment",1012 Howard Avenue 94401,94401,San Mateo,California,United States
City Chopsticks,1,"restaurant, food, point_of_interest, establishment",883 Bush Street 94108,94108,San Francisco,California,United States
Taste,2,"restaurant, point_of_interest, food, establishment",423 University Avenue 94301,94301,Palo Alto,California,United States
Frannie's Restaurant,1,"restaurant, food, point_of_interest, establishment",219 Harder Road 94544,94544,Hayward,California,United States
Cheung Hing Restaurant,1,"restaurant, point_of_interest, food, establishment",245 El Camino Real 94030,94030,Millbrae,California,United States
Noodle Talk,2,"restaurant, point_of_interest, food, establishment",4546 El Camino Real 94022,94022,Los Altos,California,United States
King Dong Restaurant,1,"restaurant, food, point_of_interest, establishment",2429 Shattuck Avenue 94704,94704,Berkeley,California,United States
King Chuan Restaurant,2,"meal_delivery, meal_takeaway, restaurant, food, point_of_interest, establishment",1188 San Carlos Avenue 94070,94070,San Carlos,California,United States
China Village,2,"restaurant, food, point_of_interest, establishment",1335 Solano Avenue 94706,94706,Albany,California,United States
New Ming's,1,"restaurant, point_of_interest, food, establishment",641 Mission Street 94105,94105,San Francisco,California,United States
China Delight,2,"restaurant, food, point_of_interest, establishment",2362 Pruneridge Avenue 95050,95050,Santa Clara,California,United States
Hunan Chef Chinese Restaurant,2,"restaurant, point_of_interest, food, establishment",4285 Valley Avenue 94566,94566,Pleasanton,California,United States
Little Hong Kong,1,"restaurant, food, point_of_interest, establishment",10443 San Pablo Avenue 94530,94530,El Cerrito,California,United States
New Gold Medal Restaurant,1,"restaurant, food, point_of_interest, establishment",389 8th Street 94607,94607,Oakland,California,United States
Chef Zhao Kitchen,2,"restaurant, food, point_of_interest, establishment",2180 West Bayshore Road 94303,94303,Palo Alto,California,United States
Tsing's Chinese Restaurant,1,"meal_delivery, restaurant, point_of_interest, food, establishment",361 West Portal Avenue 94127,94127,San Francisco,California,United States
New China Foods Millbrae,,"restaurant, food, point_of_interest, establishment",1595 El Camino Real 94030,94030,Millbrae,California,United States
wonderful,2,"meal_takeaway, restaurant, food, point_of_interest, establishment",270 Broadway 94030,94030,Millbrae,California,United States
Redwood Bistro,1,"meal_delivery, meal_takeaway, restaurant, food, point_of_interest, establishment",711 El Camino Real 94063,94063,Redwood City,California,United States
Chinese Express,1,"restaurant, food, point_of_interest, establishment",2488 Channing Way 94704,94704,Berkeley,California,United States
Golden Kim Tar,1,"meal_takeaway, restaurant, food, point_of_interest, establishment",434 Larkin Street 94102,94102,San Francisco,California,United States
Asian Wok Chinese Restaurant,1,"restaurant, food, point_of_interest, establishment",24933 Santa Clara Street 94544,94544,Hayward,California,United States
New Woey Loy Goey Restaurant,1,"restaurant, food, point_of_interest, establishment",699 Jackson Street 94133,94133,San Francisco,California,United States
Wah Sing Chinese Restaurant,1,"restaurant, food, point_of_interest, establishment",2222 Railroad Avenue 94565,94565,Pittsburg,California,United States
Wok Shop Cafe,1,"cafe, restaurant, food, point_of_interest, establishment",1233 Van Ness Avenue 94109,94109,San Francisco,California,United States
Yan's Garden,1,"restaurant, food, point_of_interest, establishment",2223 Morello Avenue 94523,94523,Pleasant Hill,California,United States
Toa Yuen Restaurant,1,"restaurant, food, point_of_interest, establishment",3170 Campus Drive 94403,94403,San Mateo,California,United States
Uncle Yu Restaurant,1,"restaurant, food, point_of_interest, establishment",30059 Industrial Parkway Southwest 94587,94587,Union City,California,United States
Chinese Szechuan Restaurant,2,"restaurant, food, point_of_interest, establishment",3059 Hopyard Road 94588,94588,Pleasanton,California,United States
Little Hunan Restaurant,1,"restaurant, point_of_interest, food, establishment",6127 Mission Street 94014,94014,Daly City,California,United States
Boiling Beijing,2,"meal_delivery, meal_takeaway, restaurant, point_of_interest, food, establishment",649 San Mateo Avenue 94066,94066,San Bruno,California,United States
Tao Tao,2,"restaurant, food, point_of_interest, establishment",175 South Murphy Avenue 94086,94086,Sunnyvale,California,United States
Gold Chopsticks,2,"restaurant, food, point_of_interest, establishment",3170 Santa Rita Road 94566,94566,Pleasanton,California,United States
R & G Lounge,2,"restaurant, food, point_of_interest, establishment",631 Kearny Street 94108,94108,San Francisco,California,United States
China Inn,2,"meal_delivery, meal_takeaway, restaurant, food, point_of_interest, establishment",1401 The Alameda 95126,95126,San Jose,California,United States
Koi Palace,2,"restaurant, food, point_of_interest, establishment",365 Gellert Boulevard 94015,94015,Daly City,California,United States
King Wah Chinese Restaurant,,"restaurant, point_of_interest, food, establishment",219 East Washington Avenue 94086,94086,Sunnyvale,California,United States
Chef's Experience China Bistro,2,"restaurant, point_of_interest, food, establishment",22436 Foothill Boulevard 94541,94541,Hayward,California,United States
Koi Palace - Dublin,2,"restaurant, food, point_of_interest, establishment",4288 Dublin Boulevard 94568,94568,Dublin,California,United States
Three Brothers From China,2,"restaurant, food, point_of_interest, establishment",2001 Contra Costa Boulevard 94523,94523,Pleasant Hill,California,United States
The Wok Chinese Cuisine,2,"meal_takeaway, restaurant, food, point_of_interest, establishment",1825 Silverada Boulevard 89512,89512,Reno,Nevada,United States
Chinese Duck House,1,"restaurant, point_of_interest, food, establishment",2960 South Virginia Street 89542,89542,Reno,Nevada,United States
China King,1,"restaurant, food, point_of_interest, establishment",2473 Wingfield Hills Road 89436,89436,Sparks,Nevada,United States
China East,1,"restaurant, food, point_of_interest, establishment",1810 East William Street 89701,89701,Carson City,Nevada,United States
Chinese Village,2,"restaurant, food, point_of_interest, establishment",18132 Wedge Parkway 89511,89511,Reno,Nevada,United States
Szechuan Garden,2,"restaurant, food, point_of_interest, establishment",903 West Moana Lane 89509,89509,Reno,Nevada,United States
Dynasty China Bistro,2,"restaurant, food, point_of_interest, establishment",1185 California Avenue 89509,89509,Reno,Nevada,United States
Golden Dragon,,"restaurant, food, point_of_interest, establishment",3250 Retail Drive 89706,89706,Carson City,Nevada,United States
SF Kitchen,1,"restaurant, point_of_interest, food, establishment",1775 Mill Street 89502,89502,Reno,Nevada,United States
Twin Dragon chinese Restaurant,2,"meal_takeaway, restaurant, food, point_of_interest, establishment",1075 North Hills Boulevard 89506,89506,Reno,Nevada,United States
Soochow,2,"restaurant, food, point_of_interest, establishment",656 East Prater Way 89431,89431,Sparks,Nevada,United States
P.F. Chang's,2,"meal_delivery, meal_takeaway, restaurant, food, point_of_interest, establishment",5180 Kietzke Lane 89511,89511,Reno,Nevada,United States
Chin Chin,1,"restaurant, point_of_interest, food, establishment",222 Los Altos Parkway 89436,89436,Sparks,Nevada,United States
Silver Chopsticks | Chinese & Phở Restaurant,2,"restaurant, food, point_of_interest, establishment",10580 North McCarran Boulevard 89503,89503,Reno,Nevada,United States
China Noodles,1,"restaurant, point_of_interest, food, establishment",203 North McCarran Boulevard 89431,89431,Sparks,Nevada,United States
CJ Palace,2,"restaurant, food, point_of_interest, establishment",129 Los Altos Parkway 89436,89436,Sparks,Nevada,United States
Jia's Wok,1,"restaurant, food, point_of_interest, establishment",477 East Plumb Lane 89502,89502,Reno,Nevada,United States
Bamboo Garden,2,"restaurant, point_of_interest, food, establishment",4250 Cochise Street 89703,89703,Carson City,Nevada,United States
China Kitchen,1,"meal_delivery, restaurant, food, point_of_interest, establishment",6280 Sharlands Avenue 89523,89523,Reno,Nevada,United States
Fortune Palace,2,"restaurant, food, point_of_interest, establishment",1282 Disc Drive 89436,89436,Sparks,Nevada,United States
China Jade Horse,,"restaurant, food, point_of_interest, establishment",963 Topsy Lane 89705,89705,Carson City,Nevada,United States
Shang Hai Restaurant,1,"restaurant, food, point_of_interest, establishment",1269 Baring Boulevard 89434,89434,Sparks,Nevada,United States
Egg Roll King,1,"restaurant, food, point_of_interest, establishment",635 Booth Street 89509,89509,Reno,Nevada,United States
Egg Roll King,1,"restaurant, food, point_of_interest, establishment",1220 South Wells Avenue 89502,89502,Reno,Nevada,United States
China Chef,1,"restaurant, point_of_interest, food, establishment",55 West Main Street 89408,89408,Fernley,Nevada,United States
Yang's Kitchen,2,"restaurant, food, point_of_interest, establishment",111 East Telegraph Street 89701,89701,Carson City,Nevada,United States
Panda Kitchen,2,"restaurant, point_of_interest, food, establishment",1986 U.S. 50 89701,89701,Carson City,Nevada,United States
Shanghai Express,,"meal_delivery, meal_takeaway, restaurant, food, point_of_interest, establishment",727 Nevada 439 89437,89437,McCarran,Nevada,United States
WANG'S TABLE,2,"restaurant, food, point_of_interest, establishment",1086 South Virginia Street 89502,89502,Reno,Nevada,United States
Egg Roll King,1,"restaurant, point_of_interest, food, establishment",194 Lemmon Drive 89506,89506,Reno,Nevada,United States
Hong Kong Diner,1,"restaurant, food, point_of_interest, establishment",9410 Prototype Drive 89521,89521,Reno,Nevada,United States
Chopsticks,,"restaurant, point_of_interest, food, establishment",120 Country Club Drive 89451,89451,Incline Village,Nevada,United States
Asian Wok,1,"meal_takeaway, restaurant, food, point_of_interest, establishment",10555 Stead Boulevard 89506,89506,Reno,Nevada,United States
Ming's Restaurant,2,"restaurant, food, point_of_interest, establishment",2330 South Carson Street 89701,89701,Carson City,Nevada,United States
China Lee,1,"restaurant, food, point_of_interest, establishment",2838 Vista Boulevard 89434,89434,Sparks,Nevada,United States
Asian Wok Mae-Anne,,"restaurant, point_of_interest, food, establishment",2005 Sierra Highlands Drive 89523,89523,Reno,Nevada,United States
Palais De Jade,2,"restaurant, food, point_of_interest, establishment",960 West Moana Lane 89509,89509,Reno,Nevada,United States
Egg Roll King,1,"restaurant, point_of_interest, food, establishment",2253 Oddie Boulevard 89431,89431,Sparks,Nevada,United States
Panda Express,1,"restaurant, food, point_of_interest, establishment",745 Sparks Boulevard 89434,89434,Sparks,Nevada,United States
Panda Express,1,"restaurant, food, point_of_interest, establishment",921 Topsy Lane 89705,89705,Carson City,Nevada,United States
Panda Express,1,"restaurant, food, point_of_interest, establishment",5140 Kietzke Lane 89509,89509,Reno,Nevada,United States
CHI,,"restaurant, food, point_of_interest, establishment",2707 South Virginia Street 89502,89502,Reno,Nevada,United States
Egg Roll King,1,"restaurant, food, point_of_interest, establishment",1450 East Prater Way 89434,89434,Sparks,Nevada,United States
Wong's Genghis Khan,1,"restaurant, food, point_of_interest, establishment",5485 Equity Avenue 89502,89502,Reno,Nevada,United States
Wong's Garden,2,"restaurant, food, point_of_interest, establishment",11430 Deerfield Drive 96161,96161,Truckee,California,United States
O'A Chinese Food,1,"restaurant, point_of_interest, food, establishment",3326 South McCarran Boulevard 89502,89502,Reno,Nevada,United States
Shanghai Bistro,,"restaurant, food, point_of_interest, establishment",2303 South Virginia Street 89502,89502,Reno,Nevada,United States
Two Guys from Hong Kong,2,"restaurant, food, point_of_interest, establishment",6015 South Virginia Street 89502,89502,Reno,Nevada,United States
Hong Kong Express,1,"restaurant, food, point_of_interest, establishment",9708 Pyramid Way 89441,89441,Sparks,Nevada,United States
Jazmine,2,"restaurant, food, point_of_interest, establishment",9333 Double R Boulevard 89521,89521,Reno,Nevada,United States
Panda Express,1,"restaurant, food, point_of_interest, establishment",500 North Sierra Street 89503,89503,Reno,Nevada,United States
Sushi Boba Pho Cafe Hong Kong Diner,2,"cafe, restaurant, point_of_interest, food, establishment",180 West Peckham Lane 89509,89509,Reno,Nevada,United States
Panda Express,1,"restaurant, point_of_interest, food, establishment",287 Los Altos Parkway 89436,89436,Sparks,Nevada,United States
Panda Express,1,"restaurant, food, point_of_interest, establishment",5115 Mae Anne Avenue 89523,89523,Reno,Nevada,United States
Panda Express,1,"restaurant, point_of_interest, food, establishment",395 East Plumb Lane 89502,89502,Reno,Nevada,United States
Taiwan Restaurant,1,"restaurant, food, point_of_interest, establishment",5150 Mae Anne Avenue 89523,89523,Reno,Nevada,United States
Panda House,2,"restaurant, point_of_interest, food, establishment",5055 Sun Valley Dr 89433,89433,Sun Valley,Nevada,United States
Chopstix,,"meal_takeaway, restaurant, point_of_interest, food, establishment",9 Retail Road 89403,89403,Dayton,Nevada,United States
Panda Express,1,"restaurant, food, point_of_interest, establishment",547 South Meadows Parkway 89521,89521,Reno,Nevada,United States
101 Taiwanese Cuisine,1,"cafe, meal_takeaway, restaurant, point_of_interest, food, establishment",400 West 5th Street 89503,89503,Reno,Nevada,United States
China Beijing,,"restaurant, food, point_of_interest, establishment",3333 South Tamarac Drive 80231,80231,Denver,Colorado,United States
Hong Kong Station 港味小厨,2,"meal_takeaway, restaurant, point_of_interest, food, establishment",6878 South Yosemite Street 80112,80112,Centennial,Colorado,United States
Golden Shanghai Restaurant,2,"restaurant, food, point_of_interest, establishment",1412 South Parker Road 80231,80231,Denver,Colorado,United States
Golden Wok,2,"meal_delivery, restaurant, point_of_interest, food, establishment",15280 East Hampden Avenue 80014,80014,Aurora,Colorado,United States
Ho Mei Chinese Restaurant,1,"restaurant, point_of_interest, food, establishment",8610 Washington Street 80229,80229,Thornton,Colorado,United States
New Peking Chinese Restaurant,2,"restaurant, food, point_of_interest, establishment",12601 West Alameda Parkway 80228,80228,Lakewood,Colorado,United States
Taste of China,1,"restaurant, food, point_of_interest, establishment",1935 Federal Boulevard 80204,80204,Denver,Colorado,United States
China Cafe (Iliff),,"meal_delivery, meal_takeaway, restaurant, point_of_interest, food, establishment",16870 East Iliff Avenue 80013,80013,Aurora,Colorado,United States
Hoong's Palace,2,"restaurant, food, point_of_interest, establishment",10333 East Costilla Avenue 80112,80112,Englewood,Colorado,United States
Jackie Chan Chinese Kitchen,1,"meal_delivery, meal_takeaway, restaurant, food, point_of_interest, establishment",7318 North Federal Boulevard 80030,80030,Westminster,Colorado,United States
Great Wall Chinese Restaurant,1,"meal_delivery, restaurant, food, point_of_interest, establishment",440 East Colfax Avenue 80203,80203,Denver,Colorado,United States
Lotus Chinese Kitchen,1,"restaurant, point_of_interest, food, establishment",1261 West 84th Avenue 80260,80260,Denver,Colorado,United States
China Gourmet Longmont,2,"restaurant, food, point_of_interest, establishment",1345 Dry Creek Drive 80503,80503,Longmont,Colorado,United States
Li's Chinese Restaurant,2,"meal_delivery, restaurant, food, point_of_interest, establishment",11187 Sheridan Boulevard 80020,80020,Westminster,Colorado,United States
Rose Garden Chinese Restaurant,2,"meal_delivery, restaurant, food, point_of_interest, establishment",7503 West 80th Avenue 80003,80003,Arvada,Colorado,United States
China Dragon,1,"restaurant, food, point_of_interest, establishment",1329 West 38th Avenue 80211,80211,Denver,Colorado,United States
New china restaurant,,"restaurant, food, point_of_interest, establishment",3890 Kipling Street 80033,80033,Wheat Ridge,Colorado,United States
Beijing Chinese Cafe,1,"restaurant, food, point_of_interest, establishment",6173 West Colfax Avenue 80214,80214,Lakewood,Colorado,United States
New China Cafe,1,"restaurant, point_of_interest, food, establishment",609 East Alameda Avenue 80209,80209,Denver,Colorado,United States
East China Asian Cuisine,1,"meal_takeaway, restaurant, food, point_of_interest, establishment",15510 East Centretech Parkway 80011,80011,Aurora,Colorado,United States
Imperial Chinese Restaurant,2,"meal_delivery, meal_takeaway, bar, restaurant, food, point_of_interest, establishment",431 South Broadway 80209,80209,Denver,Colorado,United States
Szechuan Chinese Restaurant,2,"restaurant, food, point_of_interest, establishment",9090 West 6th Avenue 80215,80215,Lakewood,Colorado,United States
Star Kitchen,2,"restaurant, food, point_of_interest, establishment",2917 West Mississippi Avenue 80219,80219,Denver,Colorado,United States
China Gourmet (Boulder),2,"meal_delivery, restaurant, food, point_of_interest, establishment",3970 Broadway 80304,80304,Boulder,Colorado,United States
Ho Wei Chinese Restaurant,1,"restaurant, food, point_of_interest, establishment",7262 Broadway 80221,80221,Denver,Colorado,United States
Little Dragon,2,"meal_delivery, restaurant, point_of_interest, food, establishment",1305 Krameria Street 80220,80220,Denver,Colorado,United States
Hu Nan Express,1,"restaurant, food, point_of_interest, establishment",145 South Sheridan Boulevard 80226,80226,Lakewood,Colorado,United States
Shanghai Garden,2,"restaurant, food, point_of_interest, establishment",2500 East Arapahoe Road 80122,80122,Centennial,Colorado,United States
The East Cafe Chinese Restaurant,1,"restaurant, point_of_interest, food, establishment",15140 East Mississippi Avenue 80012,80012,Aurora,Colorado,United States
Peking-Tokyo Restaurant,1,"restaurant, food, point_of_interest, establishment",3355 South Wadsworth Boulevard 80227,80227,Lakewood,Colorado,United States
Chan's Inn Chinese Restaurant,,"restaurant, food, point_of_interest, establishment",3985 East 120th Avenue 80233,80233,Thornton,Colorado,United States
Ho Mei Chinese Restaurant,1,"restaurant, food, point_of_interest, establishment",3740 Peoria Street 80239,80239,Denver,Colorado,United States
Wokano Asian Bistro,1,"meal_delivery, restaurant, food, point_of_interest, establishment",1078 Ogden Street 80218,80218,Denver,Colorado,United States
United Chinese Restaurant,2,"meal_delivery, restaurant, food, point_of_interest, establishment",12161 Sheridan Boulevard 80020,80020,Broomfield,Colorado,United States
Ho Mei Chinese Restaurant,1,"restaurant, food, point_of_interest, establishment",5280 West 38th Avenue 80212,80212,Wheat Ridge,Colorado,United States
Fortune City,2,"meal_delivery, restaurant, food, point_of_interest, establishment",1939 South Wadsworth Boulevard 80227,80227,Lakewood,Colorado,United States
Heaven Dragon Restaurant,,"restaurant, point_of_interest, food, establishment",3730 East 120th Avenue 80233,80233,Thornton,Colorado,United States
Red Lantern,1,"meal_delivery, restaurant, food, point_of_interest, establishment",8770 Wadsworth Boulevard 80003,80003,Arvada,Colorado,United States
Hong Kong Cafe Restaurant,2,"restaurant, food, point_of_interest, establishment",10890 East Dartmouth Avenue 80014,80014,Denver,Colorado,United States
Panda Garden Chinese Restaurant,2,"meal_delivery, restaurant, food, point_of_interest, establishment",9682 Washington Street 80229,80229,Thornton,Colorado,United States
Golden Sun Chinese Restaurant,1,"meal_delivery, restaurant, food, point_of_interest, establishment",1635 28th Street 80301,80301,Boulder,Colorado,United States
Heaven Dragon Chinese Restaurant,2,"restaurant, food, point_of_interest, establishment",99 North Kuner Road 80601,80601,Brighton,Colorado,United States
Tasty Asia,1,"restaurant, food, point_of_interest, establishment",736 Main Street 80501,80501,Longmont,Colorado,United States
Tea Garden,2,"restaurant, point_of_interest, food, establishment",10290 Ralston Road 80004,80004,Arvada,Colorado,United States
Ho Ho Chinese Restaurant,,"restaurant, point_of_interest, food, establishment",3350 North Downing Street 80205,80205,Denver,Colorado,United States
Jin Chan Zhang Restaurant,1,"restaurant, food, point_of_interest, establishment",2835 28th Street 80301,80301,Boulder,Colorado,United States
New China City Chinese Restaurant,1,"meal_delivery, restaurant, food, point_of_interest, establishment",10300 East Colfax Avenue 80010,80010,Aurora,Colorado,United States
Peking Garden,1,"restaurant, food, point_of_interest, establishment",15750 South Golden Road 80401,80401,Golden,Colorado,United States
Hunan Dynasty Restaurant,2,"meal_delivery, restaurant, food, point_of_interest, establishment",9882 West Belleview Avenue 80123,80123,Littleton,Colorado,United States
Tasty House Chinese Restaurant,2,"restaurant, point_of_interest, food, establishment",804 North Ridge Road 80104,80104,Castle Rock,Colorado,United States
Heaven Dragon Arvada,2,"restaurant, point_of_interest, food, establishment",16255 West 64th Avenue 80007,80007,Arvada,Colorado,United States
South Garden,2,"meal_delivery, restaurant, food, point_of_interest, establishment",8000 East Quincy Avenue 80237,80237,Denver,Colorado,United States
Great Wall Chinese Restaurant in Brighton CO,2,"restaurant, point_of_interest, food, establishment",1591 East Bridge Street 80601,80601,Brighton,Colorado,United States
Happy Cafe Chinese Restaurant,1,"restaurant, food, point_of_interest, establishment",945 South Federal Boulevard 80219,80219,Denver,Colorado,United States
Golden Town,2,"meal_takeaway, meal_delivery, restaurant, food, point_of_interest, establishment",5976 East 64th Avenue 80022,80022,Commerce City,Colorado,United States
China Lee,1,"meal_delivery, restaurant, food, point_of_interest, establishment",4662 South Yosemite Street 80111,80111,Greenwood Village,Colorado,United States
China Chef Express,2,"meal_delivery, restaurant, food, point_of_interest, establishment",980-A South Peoria Street 80012,80012,Aurora,Colorado,United States
He-Xing Garden,2,"meal_delivery, restaurant, food, point_of_interest, establishment",1535 South Kipling Parkway 80232,80232,Lakewood,Colorado,United States
Chinatown Bistro,2,"meal_delivery, restaurant, food, point_of_interest, establishment",1789 Ogden Street 80218,80218,Denver,Colorado,United States
Heaven Dragon Chinese Restaurant,1,"meal_delivery, restaurant, point_of_interest, food, establishment",1100 U.S. 287 80020,80020,Broomfield,Colorado,United States
Little Asia Chinese Restaurant,1,"restaurant, food, point_of_interest, establishment",4624 Imperial Highway 90304,90304,Inglewood,California,United States
Lucky China,1,"restaurant, point_of_interest, food, establishment",248 Carson Street 90745,90745,Carson,California,United States
Silver Palace Chinese Restaurant,2,"restaurant, food, point_of_interest, establishment",15326 East Whittier Boulevard 90603,90603,Whittier,California,United States
Peking Restaurant,2,"restaurant, food, point_of_interest, establishment",8566 Westminster Boulevard 92683,92683,Westminster,California,United States
Golden Dragon,2,"restaurant, food, point_of_interest, establishment",2023 Harbor Boulevard 92627,92627,Costa Mesa,California,United States
HU's Szechwan Restaurant,1,"restaurant, food, point_of_interest, establishment",10450 National Boulevard 90034,90034,Los Angeles,California,United States
Super Wok Chinese Restaurant,1,"restaurant, point_of_interest, food, establishment",5418 Reseda Boulevard 91356,91356,Los Angeles,California,United States
Peking Kitchen,2,"restaurant, food, point_of_interest, establishment",413 West 17th Street 92706,92706,Santa Ana,California,United States
Hoy's Wok Chinese Food,1,"restaurant, food, point_of_interest, establishment",8520 West 3rd Street 90048,90048,Los Angeles,California,United States
Moon House,2,"restaurant, food, point_of_interest, establishment",11058 Santa Monica Boulevard 90025,90025,Los Angeles,California,United States
Al Palace Chinese Restaurant,1,"restaurant, point_of_interest, food, establishment",270 Bristol Street 92626,92626,Costa Mesa,California,United States
Orange Blossom Chinese Restaurant,1,"restaurant, food, point_of_interest, establishment",3804 East Chapman Avenue 92869,92869,Orange,California,United States
Golden City Chinese Cuisine,1,"meal_delivery, restaurant, point_of_interest, food, establishment",17719 Vanowen Street 91335,91335,Los Angeles,California,United States
Fortune House Chinese Cuisine,2,"meal_delivery, meal_takeaway, restaurant, food, point_of_interest, establishment",6031 San Vicente Boulevard 90036,90036,Los Angeles,California,United States
Ho Ho China,1,"restaurant, point_of_interest, food, establishment",11568 Rosecrans Avenue 90650,90650,Norwalk,California,United States
Foo-Chow Restaurant,1,"restaurant, food, point_of_interest, establishment",949 North Hill Street 90012,90012,Los Angeles,California,United States
Chu's Garden,1,"restaurant, food, point_of_interest, establishment",1101 South Prairie Avenue 90301,90301,Inglewood,California,United States
Golden Palace Chinese Restaurant,2,"meal_takeaway, restaurant, food, point_of_interest, establishment",9116 Telegraph Road 90240,90240,Downey,California,United States
Twin Dragon Chinese Restaurant & Bar,2,"restaurant, food, point_of_interest, establishment",8597 West Pico Boulevard 90035,90035,Los Angeles,California,United States
Go China Restaurant,2,"restaurant, food, point_of_interest, establishment",136 North Lake Avenue 91101,91101,Pasadena,California,United States
Little Wang Kung Chinese Food,,"restaurant, food, point_of_interest, establishment",691 Hoover Street 90005,90005,Los Angeles,California,United States
Hong Kong Express,1,"restaurant, food, point_of_interest, establishment",4031 West Chapman Avenue 92868,92868,Orange,California,United States
Little China Restaurant,2,"restaurant, food, point_of_interest, establishment",18026 South Western Avenue 90248,90248,Gardena,California,United States
China Kitchen,1,"meal_takeaway, restaurant, food, point_of_interest, establishment",1830 West Lincoln Avenue 92801,92801,Anaheim,California,United States
New Garden Restaurant,2,"restaurant, food, point_of_interest, establishment",18740 Colima Road 91748,91748,Rowland Heights,California,United States
Bamboo Cuisine - Restaurant & Bar - Chinese Food Delivery and Takeout,2,"meal_delivery, meal_takeaway, bar, restaurant, food, point_of_interest, establishment",14010 Ventura Boulevard 91423,91423,Los Angeles,California,United States
Century Dragon,1,"restaurant, food, point_of_interest, establishment",3711 Magnolia Boulevard 91505,91505,Burbank,California,United States
Hop Li Seafood Restaurant,2,"meal_delivery, restaurant, food, point_of_interest, establishment", 90064,90064,Los Angeles,California,United States
Chi's Chinese Cuisine,2,"restaurant, food, point_of_interest, establishment",9635 Reseda Boulevard 91324,91324,Los Angeles,California,United States
Little China Restaurant LA,,"restaurant, food, point_of_interest, establishment",3636 West Olympic Boulevard 90019,90019,Los Angeles,California,United States
Oriental Chinese Cuisine,,"restaurant, food, point_of_interest, establishment",1448 North Kraemer Boulevard 92870,92870,Placentia,California,United States
Diamond Palace Chinese Seafood,2,"restaurant, food, point_of_interest, establishment",225 Gentle Springs Lane 91765,91765,Diamond Bar,California,United States
Mandarin Chinese & Japanese Cuisine,1,"restaurant, food, point_of_interest, establishment",2618 Pico Boulevard 90405,90405,Santa Monica,California,United States
O K Chinese Restaurant,1,"restaurant, food, point_of_interest, establishment",7400 Van Nuys Boulevard 91405,91405,Los Angeles,California,United States
Dragon Bowl Chinese Restaurant,1,"restaurant, food, point_of_interest, establishment",701 South Harbor Boulevard 92704,92704,Santa Ana,California,United States
Hong Kong Express,1,"restaurant, point_of_interest, food, establishment",14262 Newport Avenue 92780,92780,Tustin,California,United States
Tasty Zone Szechwan Cuisine,2,"meal_takeaway, restaurant, food, point_of_interest, establishment",3930 South Bristol Street 92704,92704,Santa Ana,California,United States
Yang Chow Restaurant,2,"restaurant, food, point_of_interest, establishment",3777 East Colorado Boulevard 91107,91107,Pasadena,California,United States
New China Restaurant,1,"restaurant, point_of_interest, food, establishment",11121 1st Avenue 90603,90603,Whittier,California,United States
Golden China Restaurant,2,"restaurant, food, point_of_interest, establishment",1115 Fair Oaks Avenue 91030,91030,South Pasadena,California,United States
Seafood Town Chinese Restaurant,1,"restaurant, food, point_of_interest, establishment",22922 Hawthorne Boulevard 90505,90505,Torrance,California,United States
China Palace Restaurant,2,"bar, restaurant, food, point_of_interest, establishment",13444 Newport Avenue 92780,92780,Tustin,California,United States
Chen's Chinese Restaurant,1,"restaurant, food, point_of_interest, establishment",2131 East Broadway 90803,90803,Long Beach,California,United States
Golden Wall Chinese Cuisine,1,"restaurant, food, point_of_interest, establishment",15820 Imperial Highway 90638,90638,La Mirada,California,United States
Canaan Chinese Cuisine,2,"restaurant, food, point_of_interest, establishment",2668 East Garvey Avenue South 91791,91791,West Covina,California,United States
China Garden,2,"restaurant, food, point_of_interest, establishment",14825 Jeffrey Road 92618,92618,Irvine,California,United States
Sam Woo Village BBQ,2,"restaurant, food, point_of_interest, establishment",6450 Sepulveda Boulevard 91411,91411,Los Angeles,California,United States
Red Lantern Chinese Cuisine,2,"restaurant, food, point_of_interest, establishment",926 South Grand Avenue 91740,91740,Glendora,California,United States
Panda Inn,2,"restaurant, point_of_interest, food, establishment",201 North Maryland Avenue 91206,91206,Glendale,California,United States
New Peking Restaurant Cerritos,1,"restaurant, food, point_of_interest, establishment",19131 Bloomfield Avenue 90703,90703,Cerritos,California,United States
Kung Pao Bistro,2,"restaurant, point_of_interest, food, establishment",7853 Santa Monica Boulevard 90046,90046,West Hollywood,California,United States
Ping Pong Chinese Cuisine,2,"meal_delivery, meal_takeaway, restaurant, food, point_of_interest, establishment",17267 Ventura Boulevard 91316,91316,Los Angeles,California,United States
Red Lantern,,"restaurant, food, point_of_interest, establishment",746 North Brea Boulevard 92821,92821,Brea,California,United States
Royal Wok Chinese Restaurant,1,"restaurant, food, point_of_interest, establishment",1868 North Tustin Street 92865,92865,Orange,California,United States
Lucky Chinese Food,1,"restaurant, food, point_of_interest, establishment",18525 Brookhurst Street 92708,92708,Fountain Valley,California,United States
Yang Chow Restaurant,2,"restaurant, food, point_of_interest, establishment",819 North Broadway 90012,90012,Los Angeles,California,United States
Oriental Chinese Restaurant,1,"restaurant, food, point_of_interest, establishment",2380 West Whittier Boulevard 90631,90631,La Habra,California,United States
Chang's Garden,2,"restaurant, point_of_interest, food, establishment",627 West Duarte Road 91007,91007,Arcadia,California,United States
Dragon Street Chinese,2,"restaurant, food, point_of_interest, establishment",5001 Lankershim Boulevard 91601,91601,Los Angeles,California,United States
Phoenix Inn Chinese Cuisine - Alhambra,2,"store, restaurant, food, point_of_interest, establishment",208 East Valley Boulevard 91801,91801,Alhambra,California,United States
